Dataset,Model,SampleMethod,MGU@5,DGU@5,DivRatio@5,ORRatio@5,PredictNotInRatio@5,NDCG@5,HR@5,Predict_NotIn_Ratio
Goodreads,SPRec,SelfPlay,0.0176746663737382,0.0817984926315016,0.0852,0.1782,0.821,0.0100319769683746,0.016,0.821
Goodreads,clusterout_low_SmolLM2-360M_Instruct,clusterout_low_SmolLM2-360M_Instruct,0.015818201197970495,0.07561822938569393,0.1004,0.1708,0.868,0.01329383647551757,0.02,0.868
