Dataset,Model,MGU@5,DGU@5,DivRatio@5,ORRatio@5,PredictNotInRatio@5,NDCG@5,HR@5,MGU@10,DGU@10,DivRatio@10,ORRatio@10,PredictNotInRatio@10,NDCG@10,HR@10
Goodreads,SPRec,0.0241014613456117,0.0880185313831796,0.1126,0.1324,0.595,0.0121309558780669,0.02,0.01423842397046733,0.04579613165628128,0.0888,0.088,0.595,0.014301716038135997,0.027
